side,signal,entry_time,entry_index,entry_price,exit_time,exit_index,exit_price,exit_reason,pnl,position_notional,balance_after
long,regular_bull,2025-08-04 14:49:00,29,115144.01,2025-08-04 15:06:00,46,114892.17,bear_div,-0.21871741308991804,100.0,99.78128259
short,hidden_bear,2025-08-04 15:30:00,70,114816.99,2025-08-04 15:39:00,79,114714.41,tp_rsi,0.08914677146720511,99.78128259,99.87042936
long,hidden_bull,2025-08-04 16:12:00,112,115126.91,2025-08-04 16:33:00,133,114966.74,bear_div,-0.13894446285921358,99.87042936,99.7314849
long,regular_bull,2025-08-04 16:40:00,140,114955.17,2025-08-04 16:46:00,146,115268.0,tp_rsi,0.2714014552043825,99.7314849,100.00288636
short,regular_bear,2025-08-04 16:58:00,158,115310.84,2025-08-04 17:19:00,179,115535.25,bull_div,-0.19461871692243288,100.00288636,99.80826764
long,regular_bull,2025-08-04 17:37:00,197,115321.28,2025-08-04 17:57:00,217,115167.84,bear_div,-0.13279925948343474,99.80826764,99.67546838
long,regular_bull,2025-08-04 18:07:00,227,115223.19,2025-08-04 18:26:00,246,115288.21,bear_div,0.05624648088694651,99.67546838,99.73171486
long,hidden_bull,2025-08-04 18:37:00,257,115191.98,2025-08-04 19:07:00,287,114930.01,bear_div,-0.22681021145633853,99.73171486,99.50490465
long,hidden_bull,2025-08-04 19:21:00,301,115030.04,2025-08-04 19:26:00,306,114971.0,bear_div,-0.05107161199400924,99.50490465,99.45383304
long,regular_bull,2025-08-04 19:39:00,319,114810.49,2025-08-04 19:44:00,324,114802.33,bear_div,-0.007068546415982958,99.45383304,99.44676449
short,hidden_bear,2025-08-04 19:56:00,336,114758.41,2025-08-04 20:59:00,399,114811.96,tp_rsi,-0.046405089077478416,99.44676449,99.4003594
long,hidden_bull,2025-08-04 21:21:00,421,114980.01,2025-08-04 21:35:00,435,115097.45,tp_rsi,0.1015270237664463,99.4003594,99.50188642
long,hidden_bull,2025-08-04 21:45:00,445,115247.96,2025-08-04 21:51:00,451,115258.61,tp_rsi,0.009194914082404764,99.50188642,99.51108133
short,hidden_bear,2025-08-04 23:24:00,544,115279.99,2025-08-04 23:32:00,552,115207.98,tp_rsi,0.06215990274265487,99.51108133,99.57324123
short,hidden_bear,2025-08-04 23:40:00,560,115234.69,2025-08-04 23:49:00,569,115105.95,tp_rsi,0.11124305602723208,99.57324123,99.68448429
long,regular_bull,2025-08-05 00:00:00,580,115039.83,2025-08-05 00:05:00,585,115050.02,bear_div,0.008829853928985571,99.68448429,99.69331414
long,regular_bull,2025-08-05 00:23:00,603,114973.11,2025-08-05 00:36:00,616,115076.56,tp_rsi,0.08970161238382357,99.69331414,99.78301575
long,hidden_bull,2025-08-05 00:43:00,623,114902.39,2025-08-05 01:06:00,646,114990.66,tp_rsi,0.07665503563723006,99.78301575,99.85967079
short,regular_bear,2025-08-05 01:10:00,650,114983.44,2025-08-05 01:17:00,657,114846.99,tp_rsi,0.11850273464853033,99.85967079,99.97817352
long,regular_bull,2025-08-05 01:30:00,670,114841.55,2025-08-05 01:41:00,681,114825.35,bear_div,-0.014103313748584104,99.97817352,99.96407021
long,regular_bull,2025-08-05 02:39:00,739,114630.93,2025-08-05 02:48:00,748,114689.64,tp_rsi,0.05119814139194143,99.96407021,100.01526835
long,regular_bull,2025-08-05 03:21:00,781,114343.07,2025-08-05 04:06:00,826,114374.11,tp_rsi,0.02715052105548119,100.01526835,100.04241887
long,hidden_bull,2025-08-05 04:16:00,836,114383.64,2025-08-05 04:47:00,867,114338.26,tp_rsi,-0.03969033480942787,100.04241887,100.00272854
short,regular_bear,2025-08-05 04:52:00,872,114324.0,2025-08-05 04:57:00,877,114376.99,bull_div,-0.04635198720596834,100.00272854,99.95637655
long,hidden_bull,2025-08-05 05:07:00,887,114412.66,2025-08-05 05:29:00,909,114394.0,bear_div,-0.016302269228102458,99.95637655,99.94007428
long,regular_bull,2025-08-05 05:30:00,910,114394.0,2025-08-05 05:33:00,913,114352.82,bear_div,-0.035976819228715685,99.94007428,99.90409746
short,hidden_bear,2025-08-05 05:54:00,934,114405.81,2025-08-05 06:31:00,971,114407.07,tp_rsi,-0.0011002864522398857,99.90409746,99.90299717
long,regular_bull,2025-08-05 06:43:00,983,114307.94,2025-08-05 06:55:00,995,114136.01,bear_div,-0.15026359764193856,99.90299717,99.75273357
short,hidden_bear,2025-08-05 07:01:00,1001,114133.6,2025-08-05 07:03:00,1003,114199.89,bull_div,-0.057937440931983754,99.75273357,99.69479613
short,hidden_bear,2025-08-05 07:42:00,1042,114010.96,2025-08-05 08:27:00,1087,114364.79,bull_div,-0.3094001639375427,99.69479613,99.38539597
short,regular_bear,2025-08-05 08:30:00,1090,114356.99,2025-08-05 08:51:00,1111,114293.33,bull_div,0.05532564565970604,99.38539597,99.44072162
short,regular_bear,2025-08-05 09:17:00,1137,114436.03,2025-08-05 09:22:00,1142,114460.0,bull_div,-0.020829052678876716,99.44072162,99.41989257
short,regular_bear,2025-08-05 09:25:00,1145,114496.16,2025-08-05 09:50:00,1170,114644.36,bull_div,-0.12868578368806177,99.41989257,99.29120679
long,hidden_bull,2025-08-05 10:38:00,1218,114935.76,2025-08-05 10:54:00,1234,114878.62,bear_div,-0.04936235298727344,99.29120679,99.24184444
long,hidden_bull,2025-08-05 11:48:00,1288,114840.0,2025-08-05 12:11:00,1311,114807.38,bear_div,-0.028189384932361002,99.24184444,99.21365506
short,regular_bear,2025-08-05 12:16:00,1316,114785.6,2025-08-05 12:18:00,1318,114688.0,tp_rsi,0.08435947308596702,99.21365506,99.29801453
long,regular_bull,2025-08-05 12:41:00,1341,113926.54,2025-08-05 12:42:00,1342,114030.38,bear_div,0.09050661793815822,99.29801453,99.38852115
short,hidden_bear,2025-08-05 12:49:00,1349,113963.02,2025-08-05 14:01:00,1421,114108.6,tp_rsi,-0.1269620698803627,99.38852115,99.26155908
long,regular_bull,2025-08-05 14:10:00,1430,114043.25,2025-08-05 14:25:00,1445,113326.98,bear_div,-0.6234308205196888,99.26155908,98.63812826
short,regular_bear,2025-08-05 15:11:00,1491,113147.21,2025-08-05 15:14:00,1494,113187.78,bull_div,-0.03536763180910474,98.63812826,98.60276063
short,hidden_bear,2025-08-05 15:37:00,1517,112826.62,2025-08-05 15:44:00,1524,112793.95,bull_div,0.028551348873004687,98.60276063,98.63131198
short,hidden_bear,2025-08-05 16:03:00,1543,112923.7,2025-08-05 16:16:00,1556,113145.78,bull_div,-0.1939720516111195,98.63131198,98.43733993
short,regular_bear,2025-08-05 16:18:00,1558,113084.83,2025-08-05 16:21:00,1561,113183.07,bull_div,-0.08551530983177598,98.43733993,98.35182462
short,regular_bear,2025-08-05 16:34:00,1574,113212.0,2025-08-05 16:37:00,1577,113262.59,bull_div,-0.04394957078335739,98.35182462,98.30787505
long,regular_bull,2025-08-05 16:44:00,1584,113046.45,2025-08-05 17:11:00,1611,113199.01,bear_div,0.13266979562496453,98.30787505,98.44054485
short,regular_bear,2025-08-05 17:30:00,1630,113471.17,2025-08-05 17:34:00,1634,113437.21,bull_div,0.029461588376194565,98.44054485,98.47000644
long,regular_bull,2025-08-05 17:42:00,1642,113437.03,2025-08-05 17:55:00,1655,113611.3,tp_rsi,0.15127659832330945,98.47000644,98.62128304
long,hidden_bull,2025-08-05 19:12:00,1732,113741.35,2025-08-05 19:30:00,1750,113611.43,bear_div,-0.11264924403093562,98.62128304,98.5086338
long,regular_bull,2025-08-05 19:48:00,1768,113609.34,2025-08-05 19:55:00,1775,113552.0,bear_div,-0.04971849200155248,98.5086338,98.45891531
long,regular_bull,2025-08-05 19:56:00,1776,113611.69,2025-08-05 20:11:00,1791,113796.31,bear_div,0.15999660725521944,98.45891531,98.61891192
long,hidden_bull,2025-08-05 20:12:00,1792,113796.31,2025-08-05 20:19:00,1799,113846.15,tp_rsi,0.04319267092309457,98.61891192,98.66210459
short,regular_bear,2025-08-05 20:26:00,1806,113863.97,2025-08-05 20:36:00,1816,113900.0,bull_div,-0.031219670527714648,98.66210459,98.63088492
long,regular_bull,2025-08-05 21:59:00,1899,113606.53,2025-08-05 22:12:00,1912,113763.8,tp_rsi,0.13653862389220764,98.63088492,98.76742354
short,regular_bear,2025-08-05 22:28:00,1928,113815.94,2025-08-05 22:30:00,1930,113887.92,bull_div,-0.062462948040571446,98.76742354,98.70496059
long,hidden_bull,2025-08-05 22:37:00,1937,113920.31,2025-08-05 22:44:00,1944,113940.51,bear_div,0.017502060904835255,98.70496059,98.72246265
long,hidden_bull,2025-08-05 22:53:00,1953,113959.48,2025-08-05 23:02:00,1962,113996.5,tp_rsi,0.03207021975971988,98.72246265,98.75453287
long,hidden_bull,2025-08-05 23:20:00,1980,114074.48,2025-08-05 23:22:00,1982,114102.8,bear_div,0.024516687438584775,98.75453287,98.77904956
long,hidden_bull,2025-08-05 23:48:00,2008,114136.37,2025-08-06 00:13:00,2033,114016.56,bear_div,-0.10368927912972326,98.77904956,98.67536028
short,hidden_bear,2025-08-06 00:19:00,2039,113997.62,2025-08-06 00:46:00,2066,113816.51,tp_rsi,0.1567672597051663,98.67536028,98.83212754
short,regular_bear,2025-08-06 02:00:00,2140,113821.14,2025-08-06 02:07:00,2147,113637.69,tp_rsi,0.15929162014378623,98.83212754,98.99141916
long,regular_bull,2025-08-06 02:14:00,2154,113626.23,2025-08-06 02:21:00,2161,113666.86,bear_div,0.03539694453007251,98.99141916,99.0268161
long,hidden_bull,2025-08-06 02:23:00,2163,113690.0,2025-08-06 03:32:00,2232,113461.2,bear_div,-0.19929048749828737,99.0268161,98.82752561
long,hidden_bull,2025-08-06 04:02:00,2262,113569.51,2025-08-06 04:09:00,2269,113440.01,bear_div,-0.11269014514982939,98.82752561,98.71483546
short,hidden_bear,2025-08-06 04:19:00,2279,113436.74,2025-08-06 04:37:00,2297,113390.01,tp_rsi,0.04066534582223391,98.71483546,98.75550081
short,hidden_bear,2025-08-06 04:49:00,2309,113420.62,2025-08-06 05:18:00,2338,114099.1,bull_div,-0.5907535348472777,98.75550081,98.16474728
short,regular_bear,2025-08-06 05:19:00,2339,114057.01,2025-08-06 05:31:00,2351,113927.83,bull_div,0.11118055833332571,98.16474728,98.27592784
short,regular_bear,2025-08-06 05:43:00,2363,114266.5,2025-08-06 06:02:00,2382,114027.8,tp_rsi,0.20529607518745838,98.27592784,98.48122392
long,regular_bull,2025-08-06 06:06:00,2386,114024.3,2025-08-06 06:10:00,2390,114000.13,bear_div,-0.020875297477346743,98.48122392,98.46034862
long,regular_bull,2025-08-06 06:13:00,2393,114021.41,2025-08-06 06:51:00,2431,114137.22,bear_div,0.10000484096523601,98.46034862,98.56035346
long,hidden_bull,2025-08-06 06:55:00,2435,114117.87,2025-08-06 07:12:00,2452,114251.59,tp_rsi,0.11549015473800306,98.56035346,98.67584361
short,hidden_bear,2025-08-06 07:44:00,2484,114175.0,2025-08-06 07:45:00,2485,114163.58,bull_div,0.009869744988185047,98.67584361,98.68571335
long,hidden_bull,2025-08-06 07:57:00,2497,114220.03,2025-08-06 08:22:00,2522,114077.96,bear_div,-0.12274799171068117,98.68571335,98.56296536
long,hidden_bull,2025-08-06 08:28:00,2528,114077.0,2025-08-06 08:38:00,2538,113921.27,bear_div,-0.13455131705350246,98.56296536,98.42841404
short,hidden_bear,2025-08-06 08:49:00,2549,113846.44,2025-08-06 09:08:00,2568,113965.9,bull_div,-0.10328173934308002,98.42841404,98.3251323
short,regular_bear,2025-08-06 09:12:00,2572,113971.68,2025-08-06 09:38:00,2598,113985.12,tp_rsi,-0.011594896013748583,98.3251323,98.3135374
short,hidden_bear,2025-08-06 09:51:00,2611,114040.0,2025-08-06 10:19:00,2639,113964.21,tp_rsi,0.06533832865262514,98.3135374,98.37887573
short,regular_bear,2025-08-06 11:22:00,2702,114193.38,2025-08-06 11:33:00,2713,114290.11,bull_div,-0.08333397828632885,98.37887573,98.29554175
short,regular_bear,2025-08-06 11:36:00,2716,114306.59,2025-08-06 11:51:00,2731,114206.43,tp_rsi,0.0861304799809035,98.29554175,98.38167223
short,regular_bear,2025-08-06 12:37:00,2777,114200.82,2025-08-06 12:49:00,2789,114000.01,tp_rsi,0.17299371055748552,98.38167223,98.55466594
short,hidden_bear,2025-08-06 13:00:00,2800,113936.27,2025-08-06 13:06:00,2806,113853.0,tp_rsi,0.07202839826882346,98.55466594,98.62669434
short,hidden_bear,2025-08-06 13:11:00,2811,113848.3,2025-08-06 13:12:00,2812,113839.18,tp_rsi,0.007900648954633278,98.62669434,98.63459499
long,regular_bull,2025-08-06 14:29:00,2889,114094.39,2025-08-06 14:46:00,2906,114324.67,bear_div,0.19907704957533043,98.63459499,98.83367204
long,hidden_bull,2025-08-06 14:48:00,2908,114250.09,2025-08-06 14:55:00,2915,114692.18,tp_rsi,0.3824362682967099,98.83367204,99.21610831
short,regular_bear,2025-08-06 15:13:00,2933,114928.25,2025-08-06 15:23:00,2943,114978.95,bull_div,-0.043768670377533035,99.21610831,99.17233964
long,regular_bull,2025-08-06 16:28:00,3008,115127.66,2025-08-06 16:36:00,3016,115143.99,bear_div,0.014066856794634522,99.17233964,99.1864065
short,hidden_bear,2025-08-06 16:50:00,3030,115059.99,2025-08-06 17:04:00,3044,115131.02,bull_div,-0.06123075843909672,99.1864065,99.12517574
short,regular_bear,2025-08-06 17:22:00,3062,115203.54,2025-08-06 17:37:00,3077,115352.67,bull_div,-0.12831669459208167,99.12517574,98.99685905
long,hidden_bull,2025-08-06 18:07:00,3107,115649.99,2025-08-06 18:33:00,3133,115513.72,bear_div,-0.116647670983317,98.99685905,98.88021138
short,hidden_bear,2025-08-06 18:49:00,3149,115334.36,2025-08-06 19:07:00,3167,115442.36,bull_div,-0.09259220607839676,98.88021138,98.78761917
long,regular_bull,2025-08-06 19:12:00,3172,115420.42,2025-08-06 19:17:00,3177,115428.97,bear_div,0.007317891789891144,98.78761917,98.79493706
short,hidden_bear,2025-08-06 19:56:00,3216,115206.55,2025-08-06 20:07:00,3227,115259.99,bull_div,-0.04582726795036072,98.79493706,98.74910979
long,regular_bull,2025-08-06 20:36:00,3256,115050.08,2025-08-06 20:55:00,3275,115084.73,bear_div,0.029740584745555375,98.74910979,98.77885037
short,hidden_bear,2025-08-06 21:03:00,3283,115098.7,2025-08-06 21:31:00,3311,115042.36,tp_rsi,0.04835154897358055,98.77885037,98.82720192
short,regular_bear,2025-08-06 22:12:00,3352,115140.6,2025-08-06 22:43:00,3383,115039.15,tp_rsi,0.08707631916791427,98.82720192,98.91427824
short,hidden_bear,2025-08-06 22:45:00,3385,115079.34,2025-08-06 23:02:00,3402,115069.51,tp_rsi,0.008449191271859682,98.91427824,98.92272743
short,hidden_bear,2025-08-06 23:29:00,3429,115002.47,2025-08-06 23:34:00,3434,115003.1,bull_div,-0.0005419128674485047,98.92272743,98.92218552
long,regular_bull,2025-08-06 23:51:00,3451,115004.99,2025-08-07 00:30:00,3490,114975.66,tp_rsi,-0.025228363580587002,98.92218552,98.89695716
short,hidden_bear,2025-08-07 00:50:00,3510,114907.85,2025-08-07 01:47:00,3567,114971.18,tp_rsi,-0.05450580005579717,98.89695716,98.84245136
short,regular_bear,2025-08-07 02:13:00,3593,114796.0,2025-08-07 02:28:00,3608,114782.27,bull_div,0.011821900215794951,98.84245136,98.85427326
long,regular_bull,2025-08-07 02:51:00,3631,114556.27,2025-08-07 02:55:00,3635,114549.3,bear_div,-0.006014636166333934,98.85427326,98.84825862
short,hidden_bear,2025-08-07 03:02:00,3642,114553.45,2025-08-07 03:05:00,3645,114514.06,bull_div,0.03398966078316927,98.84825862,98.88224828
long,regular_bull,2025-08-07 03:11:00,3651,114514.74,2025-08-07 03:14:00,3654,114452.01,bear_div,-0.054166681377484115,98.88224828,98.8280816
long,hidden_bull,2025-08-07 03:53:00,3693,114565.19,2025-08-07 04:05:00,3705,114617.86,tp_rsi,0.045435049318836095,98.8280816,98.87351665
long,hidden_bull,2025-08-07 04:16:00,3716,114557.39,2025-08-07 04:40:00,3740,114434.68,bear_div,-0.10590996554759265,98.87351665,98.76760668
short,hidden_bear,2025-08-07 04:48:00,3748,114425.93,2025-08-07 04:49:00,3749,114390.25,tp_rsi,0.030797461784594717,98.76760668,98.79840414
short,hidden_bear,2025-08-07 05:09:00,3769,114308.7,2025-08-07 05:10:00,3770,114340.0,bull_div,-0.02705297190487065,98.79840414,98.77135117
short,regular_bear,2025-08-07 05:35:00,3795,114492.22,2025-08-07 05:49:00,3809,114543.21,bull_div,-0.04398858888541787,98.77135117,98.72736258
short,regular_bear,2025-08-07 06:00:00,3820,114532.05,2025-08-07 06:30:00,3850,114548.58,tp_rsi,-0.014248966149189551,98.72736258,98.71311361
long,hidden_bull,2025-08-07 07:08:00,3888,114750.0,2025-08-07 07:11:00,3891,114748.32,bear_div,-0.001445211597944318,98.71311361,98.7116684
short,regular_bear,2025-08-07 07:26:00,3906,114819.99,2025-08-07 08:39:00,3979,115023.59,bull_div,-0.17503655666786885,98.7116684,98.53663184
short,hidden_bear,2025-08-07 08:50:00,3990,115006.63,2025-08-07 08:58:00,3998,114948.74,tp_rsi,0.049599624101823885,98.53663184,98.58623146
short,regular_bear,2025-08-07 09:34:00,4034,114938.82,2025-08-07 09:46:00,4046,114984.0,bull_div,-0.03875214603179422,98.58623146,98.54747931
short,regular_bear,2025-08-07 09:49:00,4049,114980.0,2025-08-07 09:57:00,4057,115074.14,bull_div,-0.0806858558205196,98.54747931,98.46679345
long,hidden_bull,2025-08-07 10:07:00,4067,115434.97,2025-08-07 10:13:00,4073,115496.86,tp_rsi,0.05279257963700638,98.46679345,98.51958603
long,hidden_bull,2025-08-07 10:21:00,4081,115623.39,2025-08-07 10:26:00,4086,115705.45,tp_rsi,0.06992112261733176,98.51958603,98.58950715
short,regular_bear,2025-08-07 10:37:00,4097,116067.99,2025-08-07 10:38:00,4098,116112.0,bull_div,-0.037382608328713055,98.58950715,98.55212454
long,hidden_bull,2025-08-07 10:47:00,4107,116325.99,2025-08-07 10:53:00,4113,116383.36,tp_rsi,0.048604231821790994,98.55212454,98.60072877
short,regular_bear,2025-08-07 11:11:00,4131,116466.93,2025-08-07 11:12:00,4132,116447.11,bull_div,0.016779582360595013,98.60072877,98.61750835
short,regular_bear,2025-08-07 11:16:00,4136,116446.0,2025-08-07 11:17:00,4137,116476.01,bull_div,-0.02541531203805183,98.61750835,98.59209304
long,regular_bull,2025-08-07 12:16:00,4196,116315.58,2025-08-07 12:27:00,4207,116442.86,tp_rsi,0.10788581892581443,98.59209304,98.69997886
short,regular_bear,2025-08-07 12:43:00,4223,116363.77,2025-08-07 12:44:00,4224,116249.96,tp_rsi,0.09653386611706007,98.69997886,98.79651273
short,hidden_bear,2025-08-07 12:53:00,4233,116300.01,2025-08-07 13:12:00,4252,116243.51,bull_div,0.047996582023036805,98.79651273,98.84450931
long,hidden_bull,2025-08-07 13:42:00,4282,116544.79,2025-08-07 13:57:00,4297,116563.71,bear_div,0.016046518391310896,98.84450931,98.86055583
short,hidden_bear,2025-08-07 14:17:00,4317,116431.64,2025-08-07 15:01:00,4361,116424.74,bull_div,0.005858698161654552,98.86055583,98.86641453
long,regular_bull,2025-08-07 15:51:00,4411,116720.4,2025-08-07 15:54:00,4414,116730.6,bear_div,0.008639770153350665,98.86641453,98.8750543
long,hidden_bull,2025-08-07 16:00:00,4420,116708.0,2025-08-07 16:48:00,4468,115924.16,bear_div,-0.664069494486339,98.8750543,98.21098481
long,hidden_bull,2025-08-07 17:20:00,4500,116438.29,2025-08-07 17:25:00,4505,116516.57,bear_div,0.06602601164039866,98.21098481,98.27701082
short,regular_bear,2025-08-07 17:52:00,4532,116380.75,2025-08-07 18:01:00,4541,116482.8,bull_div,-0.08617549684274492,98.27701082,98.19083532
short,regular_bear,2025-08-07 18:44:00,4584,116274.3,2025-08-07 18:47:00,4587,116300.0,bull_div,-0.021703028680660423,98.19083532,98.16913229
short,regular_bear,2025-08-07 19:57:00,4657,117394.01,2025-08-07 20:09:00,4669,117381.45,bull_div,0.010503127898622523,98.16913229,98.17963542
short,regular_bear,2025-08-07 20:27:00,4687,117389.43,2025-08-07 20:45:00,4705,117240.01,tp_rsi,0.12496867157849074,98.17963542,98.30460409
short,hidden_bear,2025-08-07 21:01:00,4721,117243.93,2025-08-07 21:33:00,4753,117230.0,tp_rsi,0.0116797785179413,98.30460409,98.31628387
short,hidden_bear,2025-08-07 21:45:00,4765,117154.77,2025-08-07 22:30:00,4810,117428.14,bull_div,-0.2294121060673965,98.31628387,98.08687176
short,hidden_bear,2025-08-07 22:38:00,4818,117380.47,2025-08-07 23:07:00,4847,117434.75,bull_div,-0.045358102579864314,98.08687176,98.04151366
short,hidden_bear,2025-08-07 23:22:00,4862,117324.85,2025-08-07 23:34:00,4874,117333.0,bull_div,-0.006810478226295873,98.04151366,98.03470318
long,regular_bull,2025-08-07 23:40:00,4880,117320.0,2025-08-07 23:44:00,4884,117394.49,tp_rsi,0.062245184451744914,98.03470318,98.09694836
short,regular_bear,2025-08-07 23:55:00,4895,117456.02,2025-08-07 23:57:00,4897,117467.98,bull_div,-0.00998875581162039,98.09694836,98.0869596
short,regular_bear,2025-08-08 00:00:00,4900,117385.23,2025-08-08 00:06:00,4906,117346.84,tp_rsi,0.03207863867578522,98.0869596,98.11903824
short,hidden_bear,2025-08-08 00:10:00,4910,117370.98,2025-08-08 00:16:00,4916,117294.01,bull_div,0.06434488638786959,98.11903824,98.18338313
long,regular_bull,2025-08-08 00:31:00,4931,117075.85,2025-08-08 00:37:00,4937,117440.31,tp_rsi,0.30564728605907193,98.18338313,98.48903042
short,hidden_bear,2025-08-08 01:11:00,4971,117075.0,2025-08-08 01:21:00,4981,116963.58,bull_div,0.09373177680458021,98.48903042,98.5827622
long,hidden_bull,2025-08-08 01:26:00,4986,116934.0,2025-08-08 01:47:00,5007,116851.99,bear_div,-0.06913962002515507,98.5827622,98.51362258
short,hidden_bear,2025-08-08 02:12:00,5032,116853.6,2025-08-08 02:19:00,5039,116777.9,tp_rsi,0.06381901138952627,98.51362258,98.57744159
short,hidden_bear,2025-08-08 02:32:00,5052,116797.95,2025-08-08 02:39:00,5059,116733.0,tp_rsi,0.054817784312740196,98.57744159,98.63225937
short,hidden_bear,2025-08-08 04:30:00,5170,116789.07,2025-08-08 04:34:00,5174,116790.0,bull_div,-0.0007854159744007813,98.63225937,98.63147395
long,hidden_bull,2025-08-08 05:22:00,5222,116668.64,2025-08-08 05:36:00,5236,116584.01,bear_div,-0.07154606105281557,98.63147395,98.55992789
short,hidden_bear,2025-08-08 06:11:00,5271,116458.23,2025-08-08 06:25:00,5285,116573.35,bull_div,-0.09742736858269076,98.55992789,98.46250052
short,regular_bear,2025-08-08 06:41:00,5301,116676.52,2025-08-08 06:45:00,5305,116692.21,bull_div,-0.01324068144266755,98.46250052,98.44925984
short,regular_bear,2025-08-08 06:56:00,5316,116688.36,2025-08-08 07:08:00,5328,116601.84,tp_rsi,0.0729963979385536,98.44925984,98.52225624
short,regular_bear,2025-08-08 07:26:00,5346,116859.99,2025-08-08 08:00:00,5380,116783.86,tp_rsi,0.06418363862218078,98.52225624,98.58643988
short,hidden_bear,2025-08-08 08:45:00,5425,116533.56,2025-08-08 08:47:00,5427,116548.09,bull_div,-0.012292261314734444,98.58643988,98.57414762
long,hidden_bull,2025-08-08 09:04:00,5444,116558.43,2025-08-08 09:11:00,5451,116646.72,tp_rsi,0.07466737063437286,98.57414762,98.64881499
short,regular_bear,2025-08-08 09:15:00,5455,116572.82,2025-08-08 09:25:00,5465,116486.79,bull_div,0.07280219826191921,98.64881499,98.72161719
short,regular_bear,2025-08-08 09:58:00,5498,116685.17,2025-08-08 10:07:00,5507,116674.4,bull_div,0.00911197041694932,98.72161719,98.73072916
short,hidden_bear,2025-08-08 10:33:00,5533,116498.21,2025-08-08 10:42:00,5542,116480.34,tp_rsi,0.015144594325442226,98.73072916,98.74587375
short,hidden_bear,2025-08-08 10:52:00,5552,116414.42,2025-08-08 10:54:00,5554,116521.33,bull_div,-0.09068396649326471,98.74587375,98.65518978
short,regular_bear,2025-08-08 11:28:00,5588,116790.0,2025-08-08 11:29:00,5589,116761.23,bull_div,0.02430267839687475,98.65518978,98.67949246
short,hidden_bear,2025-08-08 12:20:00,5640,116569.97,2025-08-08 12:29:00,5649,116618.0,bull_div,-0.0406586363782515,98.67949246,98.63883382
long,regular_bull,2025-08-08 12:44:00,5664,116596.59,2025-08-08 13:13:00,5693,116595.67,tp_rsi,-0.0007783051555300867,98.63883382,98.63805551
long,hidden_bull,2025-08-08 13:31:00,5711,116698.5,2025-08-08 13:39:00,5719,116773.14,bear_div,0.06308859551122202,98.63805551,98.70114411
short,regular_bear,2025-08-08 13:44:00,5724,116820.37,2025-08-08 13:55:00,5735,116771.65,bull_div,0.041163366808710806,98.70114411,98.74230748
short,hidden_bear,2025-08-08 14:24:00,5764,116733.62,2025-08-08 14:34:00,5774,116528.99,tp_rsi,0.17309185117048045,98.74230748,98.91539933
short,hidden_bear,2025-08-08 14:43:00,5783,116498.76,2025-08-08 15:07:00,5807,116280.01,tp_rsi,0.18573368165839277,98.91539933,99.10113301
long,regular_bull,2025-08-08 15:14:00,5814,116336.0,2025-08-08 15:25:00,5825,116527.2,tp_rsi,0.16287423180710794,99.10113301,99.26400724
short,hidden_bear,2025-08-08 16:00:00,5860,116217.05,2025-08-08 16:41:00,5901,116142.0,bull_div,0.06410215836112075,99.26400724,99.3281094
long,hidden_bull,2025-08-08 16:55:00,5915,116200.0,2025-08-08 17:03:00,5923,116336.3,tp_rsi,0.11650964983838459,99.3281094,99.44461905
long,hidden_bull,2025-08-08 17:50:00,5970,116551.41,2025-08-08 17:56:00,5976,116648.5,tp_rsi,0.08283965044750768,99.44461905,99.5274587
short,regular_bear,2025-08-08 18:07:00,5987,116853.37,2025-08-08 18:11:00,5991,116877.0,bull_div,-0.02012636733610219,99.5274587,99.50733233
long,regular_bull,2025-08-08 18:47:00,6027,116429.68,2025-08-08 18:51:00,6031,116468.16,bear_div,0.0328871654380519,99.50733233,99.5402195
short,regular_bear,2025-08-08 18:57:00,6037,116474.53,2025-08-08 19:23:00,6063,116605.14,bull_div,-0.11162052397974956,99.5402195,99.42859898
short,hidden_bear,2025-08-08 19:42:00,6082,116486.21,2025-08-08 19:47:00,6087,116440.47,bull_div,0.03904208161073933,99.42859898,99.46764106
long,regular_bull,2025-08-08 20:06:00,6106,116414.69,2025-08-08 20:30:00,6130,116539.6,tp_rsi,0.10672624773389808,99.46764106,99.57436731
long,hidden_bull,2025-08-08 20:50:00,6150,116819.51,2025-08-08 20:54:00,6154,116823.99,tp_rsi,0.0038186529420457535,99.57436731,99.57818596
short,regular_bear,2025-08-08 20:56:00,6156,116839.99,2025-08-08 21:01:00,6161,116849.97,bull_div,-0.008505566423622548,99.57818596,99.56968039
short,hidden_bear,2025-08-08 21:23:00,6183,116800.0,2025-08-08 21:25:00,6185,116800.0,bull_div,0.0,99.56968039,99.56968039
long,regular_bull,2025-08-08 22:03:00,6223,116903.79,2025-08-08 22:17:00,6237,116907.58,bear_div,0.00322803126125262,99.56968039,99.57290842
short,hidden_bear,2025-08-08 22:41:00,6261,116896.17,2025-08-08 22:58:00,6278,116888.91,bull_div,0.0061841146303482685,99.57290842,99.57909253
long,regular_bull,2025-08-08 23:42:00,6322,116692.0,2025-08-09 00:12:00,6352,116697.99,bear_div,0.005111565182319453,99.57909253,99.5842041
long,hidden_bull,2025-08-09 00:22:00,6362,116714.9,2025-08-09 00:41:00,6381,116636.93,bear_div,-0.06652604246481911,99.5842041,99.51767806
long,regular_bull,2025-08-09 01:00:00,6400,116573.4,2025-08-09 01:09:00,6409,116639.99,tp_rsi,0.056847292624359426,99.51767806,99.57452535
long,regular_bull,2025-08-09 01:21:00,6421,116544.85,2025-08-09 01:41:00,6441,116596.36,tp_rsi,0.04400952766920184,99.57452535,99.61853488
short,hidden_bear,2025-08-09 02:43:00,6503,116450.46,2025-08-09 03:00:00,6520,116391.38,tp_rsi,0.05054048769502991,99.61853488,99.66907537
long,regular_bull,2025-08-09 03:38:00,6558,116420.68,2025-08-09 03:42:00,6562,116425.6,bear_div,0.00421206825816235,99.66907537,99.67328744
long,regular_bull,2025-08-09 03:45:00,6565,116432.02,2025-08-09 04:12:00,6592,116500.0,tp_rsi,0.058195246291963265,99.67328744,99.73148269
long,hidden_bull,2025-08-09 04:26:00,6606,116450.0,2025-08-09 04:31:00,6611,116519.51,tp_rsi,0.05953057416729393,99.73148269,99.79101326
long,regular_bull,2025-08-09 04:57:00,6637,116434.76,2025-08-09 05:04:00,6644,116555.09,tp_rsi,0.10312944884823033,99.79101326,99.89414271
long,hidden_bull,2025-08-09 05:35:00,6675,116956.41,2025-08-09 05:36:00,6676,116926.84,bear_div,-0.025256159965369986,99.89414271,99.86888655
short,hidden_bear,2025-08-09 06:17:00,6717,116594.6,2025-08-09 06:33:00,6733,116541.58,tp_rsi,0.045414181830731495,99.86888655,99.91430073
short,regular_bear,2025-08-09 07:28:00,6788,116880.0,2025-08-09 07:35:00,6795,116840.0,bull_div,0.034193805862422995,99.91430073,99.94849454
long,regular_bull,2025-08-09 07:55:00,6815,116756.0,2025-08-09 08:06:00,6826,116797.9,tp_rsi,0.03586832300888535,99.94849454,99.98436286
long,hidden_bull,2025-08-09 08:47:00,6867,117062.02,2025-08-09 09:09:00,6889,117258.99,tp_rsi,0.16823492327002657,99.98436286,100.15259778
long,hidden_bull,2025-08-09 09:18:00,6898,117346.38,2025-08-09 09:47:00,6927,117314.48,bear_div,-0.02722596018030445,100.15259778,100.12537182
short,regular_bear,2025-08-09 10:02:00,6942,117517.95,2025-08-09 10:04:00,6944,117574.85,bull_div,-0.048478837969509116,100.12537182,100.07689298
short,regular_bear,2025-08-09 10:19:00,6959,117792.74,2025-08-09 10:23:00,6963,117869.89,bull_div,-0.06554675859824992,100.07689298,100.01134622
short,regular_bear,2025-08-09 10:25:00,6965,117768.97,2025-08-09 10:38:00,6978,117600.1,tp_rsi,0.14340718133283267,100.01134622,100.1547534
short,hidden_bear,2025-08-09 11:02:00,7002,117404.0,2025-08-09 11:10:00,7010,117316.35,tp_rsi,0.07477227467130095,100.1547534,100.22952567
long,regular_bull,2025-08-09 11:20:00,7020,117276.27,2025-08-09 11:41:00,7041,117175.14,bear_div,-0.08643020391940813,100.22952567,100.14309547
short,hidden_bear,2025-08-09 12:08:00,7068,117099.69,2025-08-09 12:32:00,7092,117100.0,tp_rsi,-0.0002651105190412275,100.14309547,100.14283036
short,hidden_bear,2025-08-09 12:50:00,7110,117111.83,2025-08-09 13:09:00,7129,117033.71,tp_rsi,0.06680074854711718,100.14283036,100.20963111
long,regular_bull,2025-08-09 13:18:00,7138,116940.23,2025-08-09 13:23:00,7143,116985.59,bear_div,0.03887036024428598,100.20963111,100.24850147
long,hidden_bull,2025-08-09 13:31:00,7151,116926.58,2025-08-09 13:41:00,7161,116986.68,bear_div,0.05152750502363213,100.24850147,100.30002898
long,hidden_bull,2025-08-09 13:59:00,7179,116968.32,2025-08-09 14:12:00,7192,116942.84,bear_div,-0.021849033468305353,100.30002898,100.27817995
